,CustomerID,CustomerName,SimilarityScore
24,C0025,Gregory Odom,0.9769827997415625
178,C0179,Donald Miller,0.8205695700796567
159,C0160,Jodi Cook,0.8162077927229207
